sample	GmW82.01G000100	GmW82.01G000200	GmW82.01G000300	GmW82.01G000400	GmW82.01G000500	GmW82.01G000600	GmW82.01G000700	GmW82.01G000800	GmW82.01G000900	GmW82.01G001000	GmW82.01G001100	GmW82.01G001200	GmW82.01G001300	GmW82.01G001400	GmW82.01G001500	GmW82.01G001600	GmW82.01G001700	GmW82.01G001800	GmW82.01G001900	GmW82.01G002000	GmW82.01G002100	GmW82.01G002200	GmW82.01G002300	GmW82.01G002400	GmW82.01G002500	GmW82.01G002600	GmW82.01G002700	GmW82.01G002800	GmW82.01G002900	GmW82.01G003000	GmW82.01G003100	GmW82.01G003200	GmW82.01G003300	GmW82.01G003400	GmW82.01G003500	GmW82.01G003600	GmW82.01G003700	GmW82.01G003800	GmW82.01G003900	GmW82.01G004000	GmW82.01G004100	GmW82.01G004200	GmW82.01G004300	GmW82.01G004400	GmW82.01G004500	GmW82.01G004600	GmW82.01G004700	GmW82.01G004800	GmW82.01G004900	GmW82.01G005000
NP-1	0.488185	1.449446	0.066336	-0.764544	-1.092173	0.031335	-1.022103	-1.436829	0.199312	0.133375	0.546468	-0.913971	0.005005	-0.064742	-1.505829	0.537997	0.320711	2.389112	0.202969	-0.144702	1.232757	0.198791	0.909031	-0.365544	0.218172	1.024289	0.696247	0.128472	-1.082308	0.445222	0.076863	0.720468	0.216233	1.088185	-0.051560	0.201964	0.666776	-1.086885	-0.401660	-0.500029	1.980616	-0.092862	0.652220	0.619375	-0.280873	-1.550837	0.964844	-0.407197	0.717957	-1.305265
NP-10	-0.437983	1.256821	1.431004	-1.302459	-1.332807	-0.044264	0.728241	0.160505	0.303555	-0.988836	0.586792	1.116852	-0.435673	-1.433488	-0.758821	0.761658	-1.733697	-0.091877	-0.991008	-0.131134	-0.244522	0.015857	1.501207	0.420710	1.333713	-0.141413	-0.479587	0.378811	-2.835791	-0.039889	0.160170	-1.235209	0.464365	-0.559245	-2.459100	-0.213318	-0.978846	-0.520596	-0.152284	1.250975	0.103148	-0.028486	0.389004	-1.812092	1.240124	-1.077087	0.439095	-1.126780	-0.976485	-0.396288
NP-100	2.695748	0.697664	-0.604196	-0.284310	-1.151399	-0.034160	-0.573072	0.721888	-1.357068	-0.334643	-0.842009	-0.718708	0.711162	0.126306	0.585199	1.189075	1.149570	-1.371793	0.536966	-1.761268	-0.063860	1.919118	-0.193659	-0.369192	0.170331	0.017928	0.026594	-0.757286	1.081747	0.889060	-0.212229	0.314735	0.658447	1.032171	0.392754	0.695102	-0.263211	-1.069376	-0.495331	1.019159	0.977723	0.146269	-0.567398	0.307678	1.663433	1.354450	-0.683558	-0.043506	-1.451709	-1.135567
NP-101	-0.611748	0.024765	0.964756	1.267626	0.834911	1.319777	-0.547087	-1.128850	0.500533	2.678687	0.356788	-1.151747	0.242392	1.425613	-1.034352	0.803388	-0.611166	1.272836	0.785440	0.304063	2.000061	-0.408910	-0.686092	1.854829	-0.876420	2.198893	-0.040130	-1.036672	-0.001934	0.130496	0.201145	-0.191960	1.081242	-2.319885	-0.554603	-0.262171	1.819671	-1.992712	-0.339725	-1.143107	-0.664804	0.640453	0.410915	1.440071	-0.599546	0.268667	1.173392	0.903396	-0.336003	1.128094
NP-102	-0.923801	1.803368	0.154372	-0.112635	0.270847	0.849037	1.741490	-0.142017	-0.367568	0.586535	-0.871570	-1.696171	0.835928	-0.379414	1.126808	-1.026699	-2.896251	0.282983	0.154933	1.600422	0.525550	0.309386	0.586632	-0.367201	0.077519	-1.351894	0.519151	-0.805330	-0.445832	0.699743	0.915530	-1.007173	2.003845	-0.591638	0.835016	0.951301	0.224065	0.172173	1.797204	0.890171	0.445450	-1.824277	-0.747094	1.162687	0.194050	-0.955041	-0.642439	-0.306171	0.686066	0.387013
NP-103	1.797372	-0.817022	0.986024	-0.501880	-0.298920	1.733122	0.074100	-0.139382	-0.210277	-0.384847	1.559397	1.376580	0.716927	0.184188	1.042551	-0.077712	0.452621	0.401869	0.088949	1.648422	1.755249	1.323650	-1.913147	1.835937	0.702378	-0.450569	-0.024394	1.138328	1.174860	0.855043	0.140859	0.035808	0.832057	-0.091417	-0.898065	-0.623368	-0.139648	0.332517	2.263700	-1.369805	0.477209	-0.091665	0.300912	1.353924	1.241391	-0.157198	-0.557623	-1.362900	-0.071266	1.246979
NP-104	-1.065077	0.703897	0.708090	0.397244	1.084042	-0.113639	-0.829429	-1.172476	0.926872	-0.362036	-0.310971	0.834287	-0.789075	1.770242	0.666182	-0.526873	-0.633610	1.081690	-1.183873	-0.641046	0.006248	0.202805	0.015190	0.387198	-0.363873	-0.121282	1.265145	0.645924	-0.449692	1.714640	-1.990808	0.084345	0.668189	0.972391	0.111725	-0.384710	0.585714	-0.193456	0.474714	-2.856610	0.381506	-0.790660	0.940932	0.747807	0.728832	-0.404522	0.434121	-0.342194	0.214928	-0.135487
NP-105	-0.871346	1.977034	0.723783	-2.056638	0.893626	-1.394177	-0.232083	-0.581846	-0.534532	0.240793	-0.325444	-1.448446	-0.005930	0.364869	1.769576	-0.414434	-1.189267	-0.380394	0.653161	-0.883813	-0.721045	0.554162	-0.011127	0.222033	-0.628934	-0.826132	-0.324019	-0.153975	-0.334238	0.431213	0.547194	0.548082	0.479271	-0.885789	-1.119395	0.801716	0.012656	0.121862	-1.159820	-0.211457	-0.637644	-0.864318	-0.629794	-1.494184	0.085316	1.165934	-0.707794	0.094721	-1.092111	0.671645
NP-106	2.663641	-1.233600	-0.227590	1.423891	0.367797	0.114916	-2.043388	-0.150380	0.918091	1.436042	0.641269	-0.579768	-0.686658	-1.819157	-1.075578	1.122340	-0.114533	-1.338856	1.319171	-1.672774	1.260689	-0.323025	0.339403	0.679528	0.262339	1.271564	0.015929	-0.326847	-0.661847	-1.444873	-0.694762	0.982216	0.825390	1.391628	2.727850	0.713355	0.501068	-1.314940	-0.242787	2.195814	0.529691	-0.137994	0.309501	-1.895694	-0.834269	-1.309451	-2.138001	0.768837	0.965650	-0.176625
NP-107	-0.453645	-1.007250	0.452900	0.763120	1.534793	1.560663	0.487520	-0.127056	-0.826125	-0.605617	0.616933	0.565560	0.018649	1.663989	0.648673	0.016343	-0.191128	0.077383	-0.949169	-0.979794	0.347546	-0.584878	-0.271070	1.220564	-0.193051	1.313486	-0.008409	1.516893	0.464331	-1.758336	1.238403	-0.207198	-1.964381	0.113563	0.155395	-1.290863	-0.607246	0.547298	1.412256	1.140773	1.222708	1.120631	-2.484666	-0.726725	0.187222	-2.688431	0.770163	0.891420	-0.775325	-0.380301
NP-108	-0.939328	-0.017900	-0.040459	-0.007296	-1.021731	0.387443	-0.340853	0.950516	0.313042	-1.484021	-1.442735	0.069863	-0.485158	0.469807	0.806242	0.019637	-1.685341	-1.195016	0.572404	-1.050227	1.109061	-0.090664	0.519793	-0.884068	-0.099940	-2.961214	-0.208210	0.574510	-0.896814	-0.842522	-0.053289	0.064894	-0.808168	0.675768	-1.645577	1.114527	-1.403426	-0.823190	1.331771	-0.994578	-1.653259	0.075862	-0.919570	-1.116637	-0.701338	-0.743803	-0.974999	-1.028669	1.612107	-0.672295
NP-109	1.771340	-1.405072	0.544211	-1.250566	-0.458622	0.635847	-0.530617	-1.964809	-0.552327	-0.157635	0.573386	-0.998314	-0.298308	0.062554	-1.649129	-0.106677	-0.828165	0.437839	-0.110324	-0.166452	-2.414628	-0.108756	-0.370603	-0.943783	-0.510427	-1.263793	0.174311	0.659748	0.597263	-0.519759	1.679853	0.854397	-0.948165	-0.139188	-1.629466	-0.118140	0.712547	1.268670	-0.418332	-1.788808	-0.169870	1.361121	0.143910	1.275149	0.827751	1.560100	0.598662	-0.664451	0.445815	2.537322
NP-110	-1.317920	-1.856044	2.103824	0.408653	-0.626701	-0.606950	-1.540125	0.703966	0.143213	-0.632999	-0.423155	-0.427896	1.067311	-0.182478	1.379762	-0.837847	-0.612104	-0.482606	-0.538687	-0.090853	1.025569	1.209963	-1.072269	1.278229	0.095003	1.588645	-0.168021	-0.837188	0.789368	0.623378	-0.458453	0.022020	0.130579	0.311153	-1.714935	-1.205495	0.055445	0.259974	-0.524368	-1.760361	1.343382	-0.308076	-1.046712	1.594707	1.132420	1.037823	0.834760	0.569074	-0.973839	0.030464
NP-111	0.355386	0.633164	0.475448	-1.007911	-0.604905	-0.332217	-0.195629	-0.873518	-1.823522	-1.216262	0.307446	-0.010835	0.579859	-1.887279	-0.416153	0.890543	-1.962195	-1.082803	-1.665527	1.211218	0.030902	-0.573967	0.149812	-0.090284	0.904907	1.169301	0.914702	0.343142	0.763340	0.812658	1.165208	-1.836575	0.345586	0.078319	0.159493	-0.249156	-0.073818	0.494369	0.199015	0.128126	-1.072954	-1.256475	-0.747917	-1.782507	-0.516502	-0.849024	-1.796457	-1.938821	-0.469919	-0.579830
NP-112	2.973934	0.863632	-0.781620	-0.499451	-1.011114	-0.787896	-0.350777	-0.049185	-0.623179	0.822142	0.644246	1.956331	-1.309329	0.676284	-0.374425	-1.606041	-0.301501	-1.642995	-0.027187	2.737260	1.305157	1.820574	1.194244	-1.548254	0.413520	0.142484	0.434316	-1.038260	-1.982410	2.104333	1.192464	0.307115	-0.490995	0.182542	-1.240342	0.959760	0.164973	-0.150464	-0.430107	-0.066764	0.131874	-0.402478	0.962136	0.209948	-0.094549	-0.861687	1.217862	1.296971	0.688999	-1.843697
NP-113	-1.148451	0.992352	0.036966	1.275855	-0.438637	0.796607	0.524651	-2.446504	-0.406079	-0.237203	-0.627003	-0.893028	1.589708	-0.119782	0.789517	-1.339105	-2.078168	-0.473020	0.407171	-0.723139	0.530449	0.802379	-0.448703	-0.059774	-0.737786	1.080074	1.768494	0.496664	-0.505026	-0.705468	-0.278799	0.889889	-0.757010	1.479077	-1.222118	-0.008116	1.317291	1.783622	-0.407314	0.792334	2.530075	1.168234	-2.191358	0.281061	2.376247	-1.161942	0.913235	-2.087676	1.587845	-0.843414
NP-114	0.807863	0.911494	-2.781753	-1.430698	0.329823	-1.522727	-0.019945	-0.947160	1.342947	-0.509256	-0.914792	0.642286	1.222569	-0.156359	0.279865	0.492794	-0.494177	-1.187605	0.532438	-0.353078	-1.368374	0.855083	0.434690	0.141557	-0.753783	-0.222635	0.609654	0.484898	-0.824845	-0.902397	0.342497	0.184098	0.848482	-1.158213	0.921409	1.763407	0.949141	0.131126	0.906143	-1.287080	-0.443422	2.059457	-1.634616	-1.157719	0.822822	-0.656718	-0.565103	-1.119497	1.682237	-0.608806
NP-115	0.522385	-1.813090	0.769973	-0.008902	0.498644	1.580623	0.153113	-1.191981	-1.013589	0.082490	1.320756	-1.198811	-0.246684	-0.145048	0.657408	-0.891329	0.311696	0.783806	-0.037867	-0.098034	0.618794	0.581413	1.258357	-1.078966	1.230491	-0.228391	-1.138895	-0.553228	-1.233613	-0.200372	1.034056	-2.249821	-1.182433	0.768225	-0.300979	0.792608	-1.327514	-0.052721	-2.606047	-0.846656	0.739907	1.215481	1.631408	-0.056082	-0.877556	-0.385715	-1.918131	1.354597	1.177966	-0.909813
NP-116	1.031576	-1.352861	0.559613	-0.808675	-1.738295	0.395848	-1.158706	1.193694	-0.899692	0.105509	-0.478970	0.135414	-0.632279	0.820473	0.610545	0.069983	-0.126923	1.971323	-0.695859	-0.439016	0.772319	-0.011032	-1.634109	-0.141926	-0.384219	-0.994455	0.194711	-1.136816	-0.250339	-1.135528	1.561695	-0.282736	0.442164	0.286003	0.705701	-0.150705	0.753904	0.124929	-2.445936	0.312319	-1.292066	0.949576	0.218506	-0.372875	-2.523041	-2.138264	-1.177061	-0.379149	-1.379810	1.984332
NP-117	0.458179	-0.088599	-0.986204	-0.339966	-0.237555	-0.442901	-0.077770	0.804674	-1.761209	0.225721	1.101627	-1.368919	-0.189591	-0.382775	-1.143627	0.949520	-0.326792	1.144999	0.411149	-0.279121	0.287253	-0.375771	-1.641215	1.422106	0.366087	1.156294	-1.811543	1.046845	0.824214	-0.041129	-2.120760	0.100326	-0.667765	-0.193074	0.055016	-0.905098	-0.130631	0.011542	1.459939	-0.101368	2.351186	-1.182903	-0.137118	1.239592	-1.571456	0.619316	0.395090	-0.602409	-0.240635	1.546682
NP-118	0.351134	0.278401	0.432210	1.207899	-2.067287	-1.472296	-1.341436	-0.280260	0.613498	0.831755	-0.286949	1.515032	-0.074312	0.690720	-0.759959	0.833242	-0.719401	1.159272	0.862519	1.869517	-0.425107	-1.161766	0.829638	0.317445	-0.528945	-1.338601	0.799878	-1.949965	-0.465848	1.069747	-0.252180	0.458430	0.490293	0.593551	1.058663	0.653598	-0.375119	-1.230960	-0.285418	-0.656920	0.404743	1.229990	0.782632	-0.696251	0.201201	0.005357	-0.470752	1.299754	0.614790	0.361324
NP-119	-2.022515	-2.627507	-0.734192	1.139845	-0.214868	-0.024993	-0.263520	0.480525	-0.008851	1.714383	-0.121256	-0.262818	1.420527	0.750704	0.695986	0.527430	-0.038727	0.317168	0.536716	0.106479	-1.878927	1.377293	-0.480394	-0.568794	-0.342080	-0.722759	-0.877274	-0.084251	0.884063	-0.295434	0.472808	-1.351441	0.755405	-1.137096	0.699542	-0.741335	-0.600699	-1.256059	-1.269756	-0.223530	-0.975346	-0.222924	1.136221	-0.843987	-0.317275	-0.101160	-0.619673	-0.033236	0.232811	1.042251
NP-12	-0.727818	-0.216204	-0.161202	1.218475	-1.001852	0.170093	0.768720	0.586695	-0.708367	-1.034221	-1.851354	-0.534750	-0.254946	-1.497585	0.842693	0.163023	-0.239773	-0.530260	0.473517	-0.286204	0.506265	-0.480701	1.056819	-1.629082	-1.071714	1.800152	1.044492	1.640560	-0.792643	0.728249	1.000569	0.914591	-0.183579	1.471326	0.415453	-1.295564	2.463948	0.126824	1.256250	-0.693910	-0.933837	0.882398	0.821962	-0.744987	0.246643	-1.328366	-2.056334	1.092427	-1.144768	0.742424
NP-120	1.865502	0.370604	1.517744	0.363513	0.293174	0.001087	0.420007	0.352493	-0.937412	-0.047622	-0.375563	2.843023	1.226633	-0.789300	0.595038	-1.752795	0.055111	1.816718	0.082240	1.282941	-0.368147	0.458241	0.374079	-2.195927	-0.801973	1.895630	-0.832420	1.204312	1.719119	-0.045489	1.003680	0.366107	-0.594763	0.585101	0.435398	-0.986769	-0.445128	-1.348035	-0.337178	-0.040436	-0.979705	-1.865485	0.673772	1.266743	-0.910403	0.071999	-0.669160	-2.635520	2.113805	0.289528
NP-121	-2.207247	1.268608	0.723500	1.413605	0.732613	0.530143	1.436069	-0.274799	0.239392	-1.086234	-1.145844	0.209886	0.232382	-1.585963	0.372953	1.011288	-1.256650	-0.339744	1.714624	-0.849747	0.571554	0.785444	0.178577	0.145800	0.567185	0.287139	0.149595	-1.475865	0.244447	-0.788045	1.496739	2.217668	1.113499	-2.151009	0.998081	0.118366	-1.088628	-1.216169	1.059818	-0.648079	-0.079942	0.065466	0.942134	-2.676710	1.230217	-0.810910	-0.405825	0.618017	0.366489	-2.312072
NP-122	0.602254	-0.153318	-1.031343	-0.613024	-1.596923	0.783256	1.477033	-0.630567	-0.470544	-1.457712	-0.706575	-1.019679	0.022771	1.738674	1.053127	0.977724	-0.971641	0.835288	-0.719844	-0.886308	0.732433	-0.101453	2.485444	0.190398	-0.306615	0.746759	-1.159630	0.680317	1.562076	-0.136630	-0.514834	1.124740	-1.119298	0.373930	-0.526373	0.299764	-0.786296	0.606092	0.561507	1.755095	-0.365335	0.441666	-1.762529	-0.787485	0.266220	-1.369329	-0.107586	-0.898731	0.478960	0.599471
NP-124	0.327099	0.656482	-0.556506	0.114294	0.521605	0.557287	0.593330	1.698209	-0.646639	-0.155489	-1.830129	0.872215	-1.122516	-0.595354	-0.512186	0.416621	-0.282629	-0.284072	0.077600	-0.335365	-0.022538	-0.981867	-0.550956	-1.218423	0.855991	0.902128	0.663793	0.333858	-0.603798	0.555205	-1.549293	-2.502005	-1.188159	1.495320	0.244944	1.552785	-0.713341	1.012000	1.591404	0.990177	0.285413	1.078768	-0.456661	1.764953	-1.154652	-0.759449	0.022884	-0.766773	1.753650	0.672087
NP-125	-1.532790	1.675867	1.356640	-0.379031	1.562831	1.185614	-0.502388	-0.558627	0.311470	1.149090	1.570570	1.504214	-0.484042	-1.785312	-1.688290	1.510811	1.057456	1.183685	-0.002467	0.085267	0.486509	0.462017	0.081623	-0.971148	-1.370230	0.155366	-0.157954	1.417628	-1.066885	-1.986892	-1.965894	-0.035415	1.676641	-0.344451	-0.701076	0.378611	1.541240	1.086559	0.878924	0.931258	-0.290327	0.086467	0.413442	1.814141	-2.205829	-0.546601	0.372159	-0.242879	-0.128876	-0.265670
NP-127	-0.954826	0.504275	1.296021	-0.360047	0.439542	1.110168	-0.656339	-0.090589	-1.303539	1.581135	1.720317	-0.201192	1.997898	0.857148	-1.831120	0.489092	0.251005	0.506551	0.682988	-0.453803	1.136305	0.315124	1.896577	-0.112523	-2.507481	1.912411	0.555340	-1.839226	-0.608310	-0.795593	0.935672	-0.629801	1.162199	-0.506034	0.961004	-0.611079	-1.194520	0.591524	-0.233483	0.518755	-1.651810	-1.038578	-0.347506	1.970918	0.399699	-1.682132	-3.149965	1.859408	0.332614	-1.266395
NP-129	1.787725	0.854497	2.147551	0.194582	-0.496714	0.819816	-1.352337	-0.447713	-0.999766	-0.572149	-1.287613	-1.448637	-1.110928	0.390449	0.030577	-0.076739	0.471752	0.750749	0.477987	2.073270	0.285178	0.383403	-0.488534	1.087425	1.431849	-2.970768	0.818310	-1.098924	0.352067	0.084762	-1.261227	-1.355580	-0.256761	2.625984	-1.241066	-0.406588	-0.290006	-0.267646	1.125182	2.058574	-0.045232	0.414595	-0.325672	1.576153	-0.055285	0.685464	-0.194117	1.127738	-0.066182	-0.844247
NP-130	1.111820	-1.947966	0.172791	-0.355440	-0.911803	2.090506	0.339301	-0.413390	-0.889285	0.337794	-0.003837	-0.241340	-0.665660	1.525688	0.218262	-0.187912	-1.254454	-0.778014	0.733613	-0.753073	0.653735	-0.111770	0.396469	0.348484	-0.437080	-0.264919	-0.068816	0.657516	2.408338	0.872078	-1.311590	2.220153	-0.117923	-0.694568	0.124955	-0.056375	0.254411	-0.029456	-0.026379	1.266901	1.698316	0.098043	1.588577	0.934829	1.195958	0.268152	0.208129	0.798865	-0.961840	0.057575
NP-131	-1.133168	0.913933	0.213485	0.595811	-0.336320	-0.769142	0.961930	-0.431020	-0.213653	0.035188	0.466516	0.060888	-1.040981	-1.049230	1.016738	-0.314906	-0.241179	-0.885330	0.933056	0.468509	-0.540520	-1.723196	1.804015	-0.561401	-1.164713	-0.492022	-1.139564	-0.007842	-0.553875	-1.186542	0.681945	-0.854923	-1.858157	0.340266	-0.549180	-1.088564	-1.668237	-0.702659	-0.604835	-0.483828	-0.503415	1.265825	1.060503	0.314242	0.565555	-0.456566	-1.456210	0.533008	1.377729	-0.696504
NP-132	0.107697	-0.699565	-1.323646	0.549644	-1.085881	1.376190	1.666312	0.085829	-0.042732	-0.854406	0.904537	0.085279	-1.489577	-0.934660	0.469353	-0.497512	0.440184	0.248287	1.436639	-0.099014	1.060209	1.106014	1.323436	-0.344433	0.279924	2.546093	-0.194358	-0.605325	0.120493	-1.178365	-0.852902	-0.428135	-0.283527	1.005273	-1.097257	-0.183712	0.262025	-0.292487	0.741898	2.234935	-1.080065	-0.869292	-0.512250	-0.543776	-0.541901	0.422094	1.744022	2.464444	-0.079882	-2.054220
NP-133	0.761336	0.014355	-0.413289	1.098702	-0.113928	-0.224472	-0.874189	0.922061	0.845157	-0.851787	-0.560592	1.239843	-0.719395	-0.417024	-0.767545	-0.239043	0.860518	0.061161	0.996251	0.601335	-2.020803	-0.014588	-0.021881	-1.663472	0.782492	-0.050986	-0.504610	0.519178	0.962396	0.722463	-0.525820	-0.037490	2.449453	-1.296111	0.072472	0.033165	1.501442	0.614165	0.222207	-0.295869	1.240669	0.069938	-0.096592	0.168823	0.688069	0.038080	0.258020	0.795972	-0.722718	-0.238172
NP-134	0.071128	0.684312	0.559944	-0.481282	-1.032172	-0.374025	-0.500198	0.891131	0.636501	0.064169	-1.078097	-1.305516	0.123052	0.610994	0.376307	-0.253351	0.570600	-1.970466	1.147310	1.504293	0.174406	0.240229	-0.207371	0.895082	-0.914428	-0.576615	0.398695	-1.423692	0.492534	0.457849	-0.011967	-0.496293	1.746696	-0.535728	0.154670	0.806309	-0.013998	1.048375	0.002189	0.256096	-0.007309	0.658234	-0.646471	0.890684	1.033534	-1.042505	-1.495833	-1.326831	-0.797175	0.689268
NP-135	0.865122	1.882034	1.577623	-1.531503	-0.388612	-0.301151	1.606168	0.783961	0.927098	-0.812535	2.030490	-1.103555	0.028719	-0.961757	-0.896507	0.252282	-0.896660	0.686095	0.518934	0.056005	0.637240	1.125659	1.090764	-1.138258	0.653079	0.892917	-0.375555	-0.386590	1.207194	0.660591	0.131593	1.433277	0.931512	1.734028	-0.387718	0.983952	-1.983546	-0.644028	1.669915	-0.968177	-0.151447	-0.347073	0.478411	1.140556	1.602426	-0.150179	0.336216	0.875822	1.157639	-0.278195
NP-136	0.555406	-1.437589	0.278468	-1.376602	-0.461623	-0.790088	1.771503	1.672270	0.778241	0.161831	-1.953575	-1.698370	0.186542	0.729727	0.513657	-0.726892	-0.774155	0.540783	2.270841	0.729229	-0.037751	-0.110786	0.442115	0.309250	-1.428490	1.542670	0.455652	0.556885	-0.450207	1.107633	1.012433	-0.725037	1.027083	-0.711727	-1.844172	0.837924	-0.991879	-0.552089	-0.934663	-0.073271	-0.358390	0.160192	0.471195	1.630134	0.456472	0.508575	0.490551	0.812994	0.900337	0.288092
NP-137	-1.161776	-0.957353	0.286978	-0.315995	-0.409064	-0.519384	-0.717833	1.093918	0.782299	-1.268473	0.189509	-0.017555	-0.461609	1.046980	0.319555	0.073975	-0.857050	0.950581	0.247849	0.282970	-0.689490	1.493484	-3.092492	-1.388671	-1.660692	-1.289907	-1.027152	-0.506314	-0.332195	0.194926	1.352604	0.564565	0.124226	-0.151763	0.378108	0.806500	-0.731726	1.748851	-0.012892	0.854995	-2.446923	0.191275	-0.391254	1.362186	1.013523	0.319481	0.628242	-0.309178	-0.903673	1.143174
NP-138	-0.400514	-0.524365	-1.164479	-0.945637	-0.410466	0.835686	-0.969833	0.732888	-1.857582	-0.831738	-0.866527	0.664885	1.321140	-2.310992	0.072255	1.617602	0.024668	1.643829	1.154860	0.285154	-1.403365	-0.660144	1.544048	-0.886756	-1.081711	-0.452688	1.264046	0.105288	-1.522093	-0.627386	0.675640	1.148994	1.525125	0.512364	0.466727	-0.966373	-0.562300	-1.362012	-0.142039	0.405701	0.047212	-0.938739	0.571063	0.917290	1.236303	-2.153580	-2.413063	-1.086597	0.537376	1.029346
NP-139	-0.070902	0.038412	0.249862	-0.245010	-0.674468	-0.984846	3.168649	-0.247836	0.556997	0.545505	0.893567	-0.048226	0.932230	1.996654	-0.635884	-0.576582	-0.994952	-0.353879	-1.223560	0.330724	0.667862	1.210835	1.286318	-0.372232	0.190233	-0.792386	0.064125	0.093844	0.500059	-0.058966	-1.063193	0.998218	-0.134058	-1.381084	-1.706012	0.680886	-1.776088	0.672916	1.508803	0.532782	0.810901	0.568375	-0.594163	0.220737	-1.857996	0.617302	0.639507	0.148898	1.080605	-0.166870
NP-140	-1.699012	1.410303	0.099924	-0.609247	-0.515195	-0.363955	0.205165	-1.258459	0.110137	-0.349474	0.649977	-0.315861	0.633322	-0.874216	0.354610	-0.297699	1.060378	0.372702	1.013895	-0.473464	-0.598266	-0.028107	-1.020790	-0.269165	1.252589	-1.064189	-0.562427	0.079098	1.620265	2.114913	-0.547186	-0.458586	0.260877	-0.647260	-1.962962	0.583770	0.371175	0.281993	0.542605	0.186091	-0.621129	0.624796	-0.031777	0.165886	-1.082221	0.087787	-0.049106	-0.848413	-0.756410	-0.423215
NP-141	0.811639	-0.618497	-1.084022	0.072643	-1.201393	0.318633	-0.849745	-0.196331	1.104531	-2.198144	-1.324184	-0.514753	-0.144718	-0.865919	-0.932268	-0.610630	-0.996318	0.097766	-0.683404	-0.158446	0.037677	0.667285	-0.621911	-0.419732	0.415276	-2.131114	0.054487	-0.890428	0.859691	-0.324013	-0.867508	1.027883	-0.545720	-0.868056	0.447571	-1.908268	-0.171331	0.692390	-1.238177	0.930379	-0.300018	-0.544292	-1.648926	1.386990	1.318572	-0.339391	0.360004	-1.879655	0.064177	0.363572
NP-142	-1.553972	-0.634658	-0.203559	-0.808662	-1.663340	0.732703	0.852967	0.566049	0.705476	1.013798	-0.318950	-2.934775	0.012161	-0.558039	-1.153396	0.481951	-1.007021	-1.182995	2.354337	-0.398606	0.151181	0.567457	0.581107	-0.110732	0.495233	-0.100205	-0.454124	-0.268377	0.601158	0.671596	0.422482	-1.498201	-0.222762	0.495240	-0.390194	0.480037	0.110180	1.167045	-2.256591	0.160156	1.042772	0.659555	-0.509676	-0.219837	-0.348561	0.418574	0.726650	-0.573641	1.042539	0.449994
NP-144	-2.054514	-0.379052	-0.131152	-0.666701	0.084464	-0.054837	-0.095605	-0.277496	0.274762	-0.586909	0.536438	-1.752145	0.065015	-0.478725	-0.381166	0.275905	-0.627044	-3.139978	-1.438104	-0.206785	-0.276297	-0.481284	-0.640324	0.669448	0.004029	-1.029540	-0.852523	0.930469	0.100435	0.353490	0.015460	0.204687	-0.535475	-0.966271	-0.962606	-0.866548	1.731808	0.613563	0.051754	-0.112036	-1.589087	0.745509	-1.708998	1.004246	-0.496223	-1.383868	1.441715	-0.969668	-0.267990	-0.158413
NP-145	-0.665739	0.431106	-1.311763	-0.192254	-1.121263	1.556562	0.040938	1.427959	-0.523291	0.219635	0.523794	0.063086	-0.268918	1.098355	0.367559	0.062401	0.805363	-2.683099	-1.022287	0.473166	-0.360657	-0.271480	-1.453263	-0.360352	1.348500	-0.492464	-0.986843	-0.286043	1.035245	-0.640479	-1.610807	0.228314	-0.345073	0.142008	-1.680400	-1.093754	-0.306431	0.329150	1.713577	1.341513	1.116500	0.936603	1.021858	0.626259	0.620132	-0.387059	-0.484947	1.286479	-1.148015	-0.571153
NP-146	-1.024999	0.181338	-0.665142	-0.453467	-0.780486	-0.736848	-0.386043	3.284978	-1.157980	2.396519	-1.223701	0.172512	-0.073142	0.613609	-0.300008	-1.061099	-0.546237	-0.323826	-1.463382	-0.091756	0.090809	-1.479278	-1.302831	0.783940	-0.934658	-0.651390	-0.584341	-0.624624	0.521674	0.218651	2.081953	-0.360399	0.360443	-0.685607	0.935246	-1.497469	-0.821322	-0.217552	2.738149	2.174856	1.950947	-0.015024	-1.524365	0.540665	1.057224	-0.666332	1.932607	1.935715	-1.665574	-0.402454
NP-147	-0.262794	-0.254703	-0.150814	0.036742	-0.254594	2.539929	-0.464396	-1.205130	1.159017	0.984160	-1.123144	-0.876244	-0.866491	-2.123319	-1.299707	0.446235	-1.310334	-0.247920	-0.277166	-0.582752	0.467357	0.170071	1.227156	0.337451	-0.594738	1.648405	0.299917	0.485301	0.287898	-0.324058	-0.921945	1.221764	-0.727486	-0.302478	0.870258	0.983328	0.023256	1.968909	-0.216730	2.315613	1.361198	0.187280	-0.228960	1.111223	-1.677034	0.706817	0.676099	1.569460	1.390680	0.302121
NP-148	1.273038	-0.947840	0.545840	-0.760523	-1.347386	1.737570	1.761317	-0.106398	0.307475	2.369095	-1.335085	1.504117	-0.305778	0.630382	-0.074187	1.530650	1.203232	-0.155385	1.187592	0.947735	1.401703	-1.037952	0.865086	0.009986	0.257918	-1.533105	2.136921	-0.052632	0.456373	-1.459857	-0.195228	0.182068	0.125868	-1.098032	0.351567	-0.398773	0.897942	-1.125798	1.173303	-1.019730	-1.109109	0.470430	0.607425	0.431811	-0.557604	-0.283857	-0.904556	1.114818	-1.753532	-1.187630
NP-149	-1.959919	0.517557	-1.478730	0.790773	-1.697620	-1.712218	0.328753	0.405003	-0.365036	1.335029	-0.432459	-0.513017	-0.180480	1.333141	-0.169823	1.874506	1.369645	1.084565	0.905741	1.297910	0.480156	-2.348121	0.181835	-0.128521	-1.164887	-1.862326	0.139833	-1.091504	0.001405	-0.817559	0.334335	-0.964946	0.233889	-0.043240	-0.457972	-0.262034	0.268723	-2.640960	-1.916365	0.096848	0.025453	0.237583	0.337523	-0.971179	1.291097	0.753102	0.340158	-0.243528	-0.709205	-0.592673
NP-15	0.376189	0.102769	0.821413	0.240578	-0.441727	1.160555	-1.414818	-1.341027	0.379254	-0.481201	-1.422374	-1.470529	0.000781	1.359295	1.414731	-0.104411	-0.258788	-0.823068	1.884993	-0.088690	-0.374154	0.760591	1.145030	0.034533	1.227209	-1.251955	0.446417	0.594984	0.410379	0.657887	0.176304	0.574060	-2.093852	-0.726890	0.851445	-1.103276	-0.883286	1.999822	0.068100	0.272509	0.374534	1.726740	-0.263103	-0.821722	0.268468	1.398586	-1.773180	-0.128552	-0.393462	0.139304
NP-150	1.454774	0.310398	-1.566550	-0.233800	-0.131534	-0.048410	1.059051	-0.322465	-0.632500	-0.163855	0.028831	0.693701	-1.716427	-1.356687	-0.082141	0.923655	-0.056705	0.236253	1.738943	0.114913	0.291396	-0.041434	0.971426	0.509760	-0.251495	0.709336	0.447689	-0.478125	0.740831	2.044701	-1.088565	-1.063965	-0.112182	-0.199173	0.239286	-0.033379	0.160664	1.124157	1.278138	-2.082307	0.544960	0.030304	0.540376	0.054430	0.360457	-0.216999	-0.638527	-0.160368	0.809065	0.040255
NP-151	-0.870235	1.249117	0.862278	-0.875732	-0.791139	-0.167871	0.486783	1.033520	-1.693468	1.331158	0.059071	0.220113	0.827853	0.278631	0.195485	0.986470	1.178418	-1.102941	-1.572680	-1.045731	0.265660	-0.252400	-0.197829	-0.491872	-0.841495	0.528400	-0.040765	0.298548	0.536755	1.470624	2.113996	-0.580838	1.285045	0.186005	0.441494	1.129892	-0.582109	-0.124670	0.974077	0.600542	1.814065	0.622565	0.132393	-0.111395	0.600144	-1.813484	1.288920	0.328734	-0.612990	0.097556
NP-152	0.541514	-1.173706	0.892903	-2.161728	1.447820	-0.277323	0.252574	-0.259436	-0.595432	0.966210	-0.954458	-0.073378	0.539890	-1.206077	0.617256	-0.888615	0.875835	-0.335543	1.291459	-0.055177	-0.998180	0.970627	1.196720	0.943500	-1.464355	-1.061666	0.927171	0.477530	-0.303534	-0.182714	0.170116	-2.141143	-1.196667	-1.207146	1.034765	-0.376759	-2.087452	-0.156411	-0.357436	-0.721168	-1.445374	-0.909794	0.294141	-0.437644	0.758870	1.322942	-0.343050	-1.580379	-0.981712	0.066312
NP-153	1.543251	-0.188739	-0.051314	0.218171	1.208392	0.709131	-0.366507	-0.599834	-0.038048	-0.610135	-0.986973	1.025272	0.187671	-1.082019	0.405219	-1.055135	-0.975041	-1.623241	-1.187396	-0.493524	0.240105	-0.107646	0.270424	0.031994	-0.464005	1.152132	-1.116218	-1.020593	2.023321	0.217445	0.204784	2.608917	-1.093297	1.590769	-0.050046	-0.209417	-0.997518	-0.075752	0.725921	-0.030190	-0.488963	0.379208	1.242883	0.036623	-0.434008	-0.407975	0.370430	-0.604261	1.381617	-0.573745
NP-154	0.255903	-0.192773	0.718869	-1.158495	-0.224472	-1.003330	-0.794549	-0.056921	-1.184807	1.947161	1.665258	0.892445	-0.000094	-0.594540	-1.721381	0.802538	-1.188872	-0.065939	-0.614067	-0.014587	1.658311	-0.096848	-0.204750	0.900781	-0.531512	-1.949294	-0.778797	-0.261178	-0.792503	0.972399	1.178962	-1.021927	0.030814	0.198945	-0.429444	-0.653248	0.422473	-0.413885	1.795765	-0.041777	-0.002642	0.177939	0.208081	-0.436954	0.568579	0.804308	0.208663	0.394571	-1.389322	-0.443768
NP-155	0.076015	-0.336906	1.072545	0.358154	-0.035584	-0.681750	-0.399468	-0.273293	1.635071	-1.209222	0.914426	-0.386502	1.601569	0.915076	-0.865184	0.333862	-1.410898	0.692447	-0.146978	-1.059812	-0.059306	0.568798	2.419849	0.834351	0.365360	-0.076193	-2.243354	-1.483924	-2.360309	-1.219397	0.974596	1.261501	0.267704	-0.414416	0.685187	2.322256	0.146351	1.376787	1.340209	-0.829866	0.121681	-0.834160	0.319449	-0.442328	-0.937498	0.681534	-0.075195	-0.252407	0.853205	0.436077
NP-156	2.025122	1.818675	-1.251283	0.462388	-1.770897	0.886379	1.917053	-0.967906	1.199301	0.670445	0.376640	-2.202037	-1.057286	-0.389353	0.057284	0.114496	0.798884	0.121795	-0.188191	-0.996882	-0.768294	-0.206910	2.217915	-0.375623	-0.086642	0.981061	0.791036	0.616668	0.086863	1.608192	-0.584218	1.405238	1.544652	0.260092	-0.538635	-0.629293	0.263428	-1.980793	1.277907	-0.859338	-1.230079	0.494933	0.065816	-0.868652	1.306559	-1.175911	-0.578050	-1.584865	1.737285	0.578889
NP-157	-2.238229	0.501224	-0.613149	-0.851899	-0.176523	-1.966899	0.187833	-0.006564	1.486361	-0.880127	-1.398016	-0.958450	-0.589327	0.830307	2.222057	0.579558	0.424775	-1.128127	-1.416352	-1.211318	0.653217	1.123613	-0.222650	-1.303335	0.761382	-0.112131	-0.746359	-1.569387	-1.836650	1.504016	-0.478972	0.295488	0.479332	0.876981	2.212509	-0.181770	1.191346	-0.870100	-1.433684	-0.030004	-1.964239	-1.527057	-0.779987	0.621458	-0.234914	-1.789370	-0.039520	-0.588355	-0.528614	-0.588897
NP-159	-0.116190	0.759240	0.503944	0.027957	-0.841106	-1.571946	1.895815	1.506467	-1.706527	0.372147	0.394371	0.105295	0.177752	-0.414003	1.423683	0.341264	0.996417	0.281500	0.195844	-0.451467	1.206619	-1.833756	1.363158	-0.215371	0.255246	-0.530781	-1.823511	-0.916497	0.407310	-0.458919	0.478261	-0.886809	-1.781011	-0.139915	-0.436432	-0.773634	1.427470	-1.817417	0.114945	-0.298239	1.303109	0.124618	0.346330	0.249721	0.215459	-0.225972	-0.165998	0.836727	2.207427	-0.995988
NP-16	1.038813	-1.081798	1.908474	1.730760	0.237548	1.411858	0.212522	-1.174878	1.778592	-1.558068	-1.047329	1.172479	0.880442	0.593536	-0.376548	-0.707661	-1.180341	1.206893	0.547960	2.193261	0.449779	0.549777	-0.544241	-0.476147	0.504982	-0.796184	1.036617	1.066264	-1.255660	0.615752	0.251747	0.213476	-0.338128	1.154783	0.214949	0.648631	0.383629	-0.638034	-1.159344	1.660240	1.720004	-0.022692	1.079950	1.314320	1.511090	0.964713	-0.114472	0.694182	-0.495293	0.247929
NP-160	-1.728637	-1.613166	-0.896454	-1.545860	0.422074	0.676946	0.464101	-0.758434	-0.024868	-1.293397	0.418161	0.570510	1.909445	-0.999082	-0.147681	-0.101673	2.343359	0.247969	0.465662	-1.475450	-0.131411	2.183939	1.368303	0.676352	-0.364195	-0.890187	0.248909	-0.598663	2.259267	-0.546571	-0.474856	0.758162	0.255145	-0.880465	-1.301717	-0.809384	1.576584	-0.564904	-0.151023	0.921312	1.609199	0.820401	0.398196	-0.588356	-0.907579	0.161261	-0.049896	0.238553	-2.030248	-1.374441
NP-161	0.797351	1.473312	0.178484	-1.225392	0.606296	-0.856321	-0.271698	-0.258970	0.763227	1.089153	0.620815	-0.948712	1.066712	-0.472848	-1.478140	0.936240	1.888768	-1.028401	-0.374582	-0.586261	-0.461126	1.190817	0.820885	0.189912	0.179687	-0.738924	-0.508077	-0.682870	0.602555	0.669499	-0.348951	0.727597	-0.832287	2.079452	-1.045695	-0.530768	-0.073601	0.823984	0.274950	-0.858715	0.586601	0.797209	-1.101135	-2.106898	0.582069	-1.013475	1.021371	1.816905	1.281677	0.325371
NP-162	1.659243	-0.155376	-0.845023	-0.122450	-0.413952	0.242978	-1.149344	-1.047096	0.099538	0.104968	0.050323	0.934011	-1.447043	0.631038	-0.255664	-0.032819	1.075069	0.129138	0.890757	1.584045	-0.045674	-1.805207	-0.508965	-0.459366	0.216111	-0.797679	0.143450	0.242410	-1.922556	1.582769	-0.590335	-1.345004	-0.780341	0.732811	3.117672	-1.989128	-0.667806	1.151905	-0.671687	0.055307	-0.430493	-0.030778	0.291256	-0.975867	-0.984781	-1.435618	0.221796	2.419010	1.148701	-0.094438
NP-163	0.483905	0.626227	-0.304645	-0.632001	0.142223	-0.801315	-0.026701	0.421433	-1.231761	-1.141900	-0.292744	-0.802095	-0.097504	0.318354	0.345551	0.683946	0.075123	0.283680	-0.113926	0.083596	-0.073971	-0.001523	-0.332174	0.305454	0.811799	1.314463	1.563149	0.767277	-0.605814	-1.296472	-1.570645	-0.307567	0.189321	1.003190	0.091483	0.010313	-1.195386	0.699909	1.866135	-0.411185	2.108726	0.735053	-0.820607	0.629952	0.236746	0.368835	-1.197170	0.372962	0.885096	-1.183842
NP-164	0.481262	1.257073	0.324391	-0.680611	-0.203566	0.744833	0.555551	-0.098235	-0.637916	-0.700625	-0.185473	-1.163191	0.384619	1.944167	-0.205042	-0.048680	0.119205	0.596138	-0.260818	0.536065	-0.837728	-1.083380	-0.588004	0.499757	-0.640731	-0.728783	0.225135	-1.984643	-0.449324	-2.322918	-0.618946	1.851036	-1.638793	1.103223	-0.608135	-0.552780	-0.372871	1.936748	-0.572429	0.060253	-0.483903	-0.266400	0.719730	0.291160	0.107002	-0.674824	0.187516	-0.216853	-0.048173	0.079055
NP-165	0.274887	-1.278299	0.394415	-1.796042	0.878429	-0.574807	-0.916217	1.018042	-0.653415	0.057816	-0.908704	0.409920	0.314678	-0.263999	-0.227042	-1.548151	1.111566	-0.667153	-0.142033	-0.492498	0.228952	-0.232914	-0.380594	-0.307014	0.198872	1.512370	-1.133404	1.016346	0.083829	0.440999	-0.678782	0.973987	0.736092	-1.866472	-1.726668	1.654270	-0.588428	-0.246982	-1.508927	-0.034562	0.041129	-0.502831	1.257110	-0.219160	0.819513	0.025261	0.165184	-0.290901	-0.570395	1.394168
NP-167	0.307687	1.142049	-0.669089	-0.421247	0.144103	-0.361572	0.592659	1.593735	-0.559989	-0.417874	-1.516269	1.213514	0.169541	0.323236	-0.675313	0.006332	-0.307987	-0.682614	0.513546	1.280242	1.220396	-0.316551	3.022057	-0.651127	0.012920	-1.306457	-0.281481	0.291673	-0.618731	-0.111105	-0.973233	-0.435356	-1.226894	-0.457578	-2.130102	-0.843765	-0.471658	-0.166150	1.229904	-1.092534	-0.730070	0.800066	-0.921893	-0.380102	-1.712793	-3.099622	2.114281	0.721340	1.989906	-0.124643
NP-168	-1.436499	0.336608	-0.945462	0.201004	0.372222	0.556947	-0.805958	0.116065	0.357035	1.323171	-0.385223	1.850103	0.610466	0.377118	-0.617496	0.317486	0.605106	-0.994571	0.625424	0.255292	-0.272691	-0.815368	-0.210127	0.655141	1.680063	0.132087	-0.342002	0.665165	0.936405	0.728774	-0.170903	-2.418394	0.170076	-0.076608	-1.152151	0.029174	-1.004482	-0.321034	1.205915	-0.590113	-2.360210	1.004973	-0.126893	-0.014321	-1.808020	-1.854974	-0.381621	-0.547707	0.142106	-0.229413
NP-169	1.108319	-0.441242	0.339928	-0.526918	0.461491	0.605587	-1.534771	-0.038337	-0.382507	-0.029935	1.805235	-0.623279	-0.185309	0.205915	-2.163166	1.385166	0.582816	-0.173740	0.895455	2.593868	-0.815276	1.310367	1.686318	-0.807206	0.461095	-1.297806	0.259973	-0.684669	0.570368	-0.392238	1.224846	1.198411	1.684550	-0.091014	-0.308791	-0.301715	-0.617255	-0.111008	-0.993387	-0.260063	0.797161	0.967013	0.408004	-1.530550	1.493887	1.810134	0.857828	-0.390702	0.643817	-0.090436
NP-17	-2.353289	1.124496	0.858962	0.514796	0.688205	0.042469	-1.171494	1.489761	-0.315112	-0.316333	0.486131	-1.615392	-0.215142	0.578202	-0.223648	-2.344658	0.171829	0.878260	-1.292738	2.269212	0.183891	0.060977	0.461987	1.013844	0.267328	-0.058220	0.359977	-1.166651	1.988158	-1.640154	-0.151848	-0.743004	0.130652	-0.082454	1.029755	-0.078145	-0.259267	2.055269	-0.987222	0.009520	-0.354653	0.980292	0.013688	1.207974	-0.720444	0.306535	0.572916	0.020988	0.305258	-1.540445
NP-170	0.504316	-0.262089	1.870529	-0.930881	-1.462257	2.010453	1.923077	-0.196213	-1.896019	-0.708529	0.301808	0.440187	0.990528	1.179876	0.636856	-0.162906	1.358244	1.577249	0.376115	-0.361431	0.789794	0.168368	-0.017583	0.120741	1.160421	1.502948	1.016382	0.430453	-0.330563	-1.547521	-0.195377	0.498817	-0.844707	0.423172	-0.787547	0.267304	-2.674350	0.420333	0.721977	0.036227	0.686030	-0.955806	0.085893	-0.396916	0.070734	-0.004494	0.169314	-0.731166	-0.430683	-1.755304
NP-172	0.557902	-2.476956	0.336294	1.926077	-0.470257	-0.428846	0.086517	0.427097	0.732774	-0.514904	-0.291780	0.418420	0.417365	-1.204442	0.500302	1.709215	-1.727747	-0.402272	-0.290954	-1.021924	-1.309655	1.658699	0.194248	0.420258	0.962520	-1.182932	1.226855	-0.617575	1.062600	-0.004883	1.364884	0.574528	-0.010625	0.997607	-0.601825	0.654182	-1.343845	-0.140897	1.909976	0.909010	-0.941274	1.336849	-0.287567	0.414193	-0.341391	0.627645	-0.495519	1.400247	-0.283081	-0.587401
NP-173	-1.183464	-1.329423	0.689653	1.122349	1.377000	0.514881	-0.131683	1.327721	1.447111	-0.597065	-1.213087	-0.464518	0.015455	1.124258	1.097445	0.391806	1.159051	-0.234801	-0.079356	-2.157309	-0.482793	-0.212276	1.190275	-0.073988	-0.323539	0.157272	-0.324300	-1.910003	-0.626890	-0.128126	-0.175881	-0.623986	-0.423190	0.605562	-1.427709	-0.243663	-0.561048	-0.215369	0.067475	0.701044	-2.569564	-0.168597	-1.106872	-1.642790	0.188676	0.120158	-0.694099	-0.199776	-0.803570	1.407193
NP-174	1.706848	1.140773	-1.145082	0.700491	0.345537	0.094402	-0.128731	-0.246049	-0.564363	-0.653951	-0.774323	2.371917	0.558495	-0.648830	-0.626552	0.552761	1.806264	1.694108	-0.923723	-1.285935	-0.607431	0.314400	-0.511230	-0.549895	2.060867	-1.245928	0.681478	-0.139038	-0.568507	1.908725	-1.247733	0.278177	-0.154657	-0.669769	-0.406327	0.096645	2.578925	0.506186	-0.243459	-1.373245	0.234161	0.803142	2.794568	-1.545001	-1.416982	-1.769634	-1.520398	1.183826	-0.097621	-0.700585
NP-175	0.948504	-0.079590	-0.134308	1.158605	0.861965	-0.353414	1.237343	1.016323	-0.243453	-0.442928	-0.369958	-0.919439	-2.090624	1.130599	1.360122	-2.390542	-0.292990	-0.944126	-0.387353	0.394464	1.089884	0.495989	0.709621	1.114329	0.278631	1.148772	0.897230	-0.668726	0.753001	-0.386109	1.038448	1.174285	-1.359233	0.601366	-0.941615	-0.507741	-0.457933	0.530798	0.673239	-0.036701	-2.048854	0.510550	1.152206	-2.604285	-0.584341	-0.572897	0.249283	-0.272102	1.018970	-0.386165
NP-176	-1.678205	-1.928361	-1.840086	-0.219377	0.630624	-1.012467	0.640833	-0.400060	0.865587	1.308969	0.462927	-0.920313	1.040108	0.199846	0.059580	0.381710	0.689427	1.169775	-1.297314	1.226111	0.255905	1.336512	-0.093964	0.811672	0.969196	1.330609	-0.294671	1.460809	-0.479051	-1.177338	-0.793655	-1.288746	1.408856	0.988369	-1.823459	-0.211387	0.263945	0.220926	-0.518487	-0.682156	0.851334	-0.080597	-0.875618	0.277351	-0.644720	-0.249827	0.775303	-0.197190	2.532383	-1.402705
NP-177	-0.969830	1.566537	0.214302	-0.163174	0.967392	-0.179463	-0.956382	1.529197	0.116711	0.204386	0.184873	-0.037455	-0.840187	-0.988386	-1.641276	0.897549	0.089732	-0.202869	-1.457681	-1.336521	-0.395491	0.330926	-0.162851	-0.081975	-0.875922	0.784989	0.291246	1.294721	0.530099	-0.998243	-0.625111	-0.170147	1.128440	0.059468	-0.004880	1.412621	0.885638	0.648486	-1.740776	-0.179306	1.986598	0.673709	1.270694	1.842241	0.795855	-1.945885	0.370960	-0.187597	-0.865407	1.022872
NP-178	0.082236	1.282178	0.462750	-0.490875	-0.835066	1.844385	-0.199681	0.361069	-0.016128	-0.832956	-0.319538	-0.184556	-1.682944	-0.728756	-0.894350	0.324804	0.150332	-1.211129	-0.611348	0.096970	-0.812479	-1.694652	0.858910	0.001817	-0.330425	-0.464637	0.338403	-0.417254	0.042404	1.105051	1.405434	1.656732	-0.992765	-0.040248	-1.273712	-1.062791	-1.386393	-0.395589	-0.446722	-0.972824	-0.097393	0.508383	-0.508064	-0.831602	0.766753	-0.231202	0.219220	-1.054568	0.558472	0.823250
NP-179	-1.839898	-1.075368	-0.411553	0.585471	0.745570	1.113906	-0.917625	-1.945355	-0.894412	0.057821	0.427958	-1.353982	-0.056714	-0.360625	0.444553	-0.895611	-0.186299	-0.342303	0.247025	0.000344	0.380832	0.194180	0.811418	-0.965116	3.400552	1.383076	-1.372548	0.638112	-0.490532	-0.798549	1.195798	-2.321891	-0.789049	0.502337	-1.669815	0.880838	-0.462787	-0.006317	1.468006	0.094817	1.018375	1.369003	-0.557834	-0.403811	1.353972	0.618232	1.503121	2.376171	-0.886740	-0.076710
NP-180	0.462806	-1.307202	-0.957701	-1.481210	-0.286222	0.088344	1.659952	2.593490	-0.156238	-0.154208	0.284123	0.380635	-0.059610	1.456092	1.168705	-0.574654	-2.259358	0.013262	1.455989	1.568303	-0.457568	-0.573506	0.068877	-0.616281	-0.930134	-0.606343	1.836825	1.470123	0.319827	0.898808	-0.517995	-0.601187	0.699825	0.473916	-1.296679	1.267983	-2.170314	-0.631108	1.200037	1.438304	2.846851	-0.254509	-0.140442	0.438154	0.094903	-1.072748	-0.289160	-0.349553	0.977663	-0.224517
NP-181	0.921365	-0.026693	-0.306388	1.083245	-0.466159	0.502414	1.250790	-0.155699	1.115550	-0.468220	0.323130	-1.396115	1.003210	1.178971	-0.023714	-1.588394	-0.315328	0.017181	1.269069	-2.304388	0.269555	0.120146	-1.487116	0.677801	-1.754093	0.577629	0.981719	-0.920148	-1.070247	-0.959213	-0.465280	0.488652	0.655408	-0.414016	0.559014	-1.071221	-0.117255	-1.755983	1.416998	-1.279307	-0.888334	1.675246	0.975565	-1.049932	0.922529	2.749504	0.297862	-0.938590	-0.600256	1.735015
NP-182	-1.320794	-0.816650	2.529009	-1.676031	-0.819121	-1.700306	-0.700572	-0.486561	0.466325	-1.480572	0.678012	-0.628894	1.427791	-0.578977	0.005626	-1.922609	-1.836158	0.531820	2.060014	-1.682650	-0.289576	-0.208742	0.035787	0.661970	0.619215	0.753800	-2.576797	-1.582623	2.183097	1.241116	-1.719293	-0.522825	0.439382	-0.824430	-0.482652	-1.578605	-1.083351	1.999313	0.109635	-0.100461	0.604041	-0.783208	0.334738	-0.091773	0.659354	-0.999251	-0.192486	1.147230	0.534029	-0.912773
NP-183	-1.995643	0.570271	0.380080	-0.594075	-1.009701	-0.073061	0.239594	0.626422	0.461798	0.390878	-0.673003	0.360833	-0.068470	-0.436000	0.164709	2.548868	-0.575878	-0.273536	0.079909	-0.166524	-0.185948	0.513488	-0.952996	0.592230	1.011224	-0.588275	2.029884	-1.490201	0.454856	0.131210	0.309576	-0.775088	-1.420049	0.332788	-1.801727	0.886028	0.769441	0.130094	0.717115	0.293696	0.240387	-0.021202	-0.675344	-0.190953	-0.032890	-0.597446	-0.047216	-1.209951	0.395497	-0.094117
NP-185	-1.372490	-0.323322	-1.044199	-0.138383	1.666271	-0.868248	0.201911	-1.000886	-0.381928	0.718820	0.396630	-0.066103	0.934991	1.061999	2.066393	-1.858494	-1.538014	-1.253436	-0.788884	0.909131	0.073100	-0.615560	-0.310284	-1.004607	0.900222	0.264430	-0.102189	-1.790091	-0.639560	-1.469973	-0.589839	0.628067	-0.863307	0.638925	-0.958721	1.847975	-0.175241	-0.545789	0.765640	0.844483	-1.003059	-1.166942	-1.177827	0.579994	-0.658772	-0.512611	0.313565	-0.864213	0.379528	0.411332
NP-186	-1.476385	-0.910261	1.150128	-1.693068	0.188869	1.730066	-0.528246	-1.172539	0.610148	-0.016873	-0.900036	0.494833	-0.171745	1.374523	0.704361	-0.900548	0.681765	0.380420	-0.211594	-1.088717	0.732767	0.216042	-0.865781	-0.166354	0.267616	0.942630	1.601307	1.339395	-0.487740	1.013984	-1.082523	-0.143402	0.510488	-0.273573	-0.581749	0.021985	1.448858	0.582292	-0.830714	1.416305	-0.273616	0.020533	0.203490	0.112655	-0.906047	-0.465389	-0.218573	0.816247	-1.820420	0.830989
NP-187	1.447906	-1.173600	-0.013122	-0.506395	-1.286155	1.339300	0.465429	1.538660	1.424538	1.159483	-0.040278	0.771500	0.471833	-0.106573	0.675600	-0.492344	-0.103430	0.548891	0.912601	0.345703	-0.814266	0.296543	2.103791	0.091523	0.773198	-1.177359	0.373219	0.430898	-0.611421	0.056976	-0.138266	0.689849	0.181235	-1.474479	0.642361	2.345841	-1.410508	-1.078049	-0.530475	-0.981724	-1.036645	0.199595	2.172185	0.993285	-0.189160	0.280187	0.781113	0.597843	-0.257877	-1.148606
NP-188	-0.258326	1.900078	0.718400	0.329692	0.838127	-0.749635	-0.399066	0.087935	-1.323853	-0.923502	0.258907	-0.416908	-1.658009	-0.797365	0.344511	-0.277332	1.337453	1.713952	-0.775625	0.707622	-0.074108	-0.697810	0.774835	1.020141	-1.730411	-1.573532	1.157344	0.856788	0.939016	0.931445	-0.644266	-0.814386	-0.814859	0.635896	0.857408	-1.747612	-1.573828	0.499259	-0.991512	0.422809	-0.982779	-0.953088	-1.099498	0.302816	0.580209	-0.685874	-0.385234	-0.394776	0.295411	-0.041655
NP-189	-0.685367	-0.592500	-0.051486	-0.079983	-0.134786	0.256842	-1.225270	0.654979	1.255325	0.137033	-1.654931	1.174966	-0.186770	0.144502	0.126121	2.035113	-0.991335	0.086942	-0.322377	0.759411	0.828522	0.991687	0.351954	0.425255	0.447919	0.583290	0.523267	-0.410383	2.400888	0.468417	-2.642462	0.171563	0.263755	-1.095000	-0.028257	0.013712	-0.647094	0.355520	-1.432486	1.362085	-1.751805	-1.623981	0.229633	-1.945398	0.930602	0.757615	0.762416	-1.555482	0.445295	-0.959468
NP-19	0.835005	0.880472	-1.544239	-0.699562	-1.435374	1.579399	1.187278	-1.161993	-0.101776	-3.023595	0.779946	0.502797	-0.977878	0.373733	-0.480627	-0.962095	-0.170809	0.167352	1.105032	0.343039	-0.319381	0.650668	0.397475	0.049105	0.486190	1.026082	0.131433	1.101772	-0.021991	-0.395843	-1.163451	-1.213491	2.644258	-1.806419	0.115212	0.275135	-0.744733	-1.007416	1.115971	-0.750896	0.065393	-0.134049	-0.653472	0.124058	0.161354	0.351525	0.939384	-0.333832	0.502173	-1.649909
NP-190	1.102607	-0.792858	0.122930	-1.094198	1.384992	-0.603651	1.983228	-1.482799	-0.586809	0.733635	1.890671	0.034045	-0.443098	-0.403664	-1.719123	-1.664287	2.740341	-1.381848	-0.394460	0.649091	0.556320	0.011163	-0.064087	1.402599	2.299914	0.090789	-1.178441	-1.583808	-0.262157	1.189012	0.413477	-0.248171	0.502370	0.267956	0.182353	0.599357	0.572957	0.113884	-0.817491	0.323780	-1.115075	0.388360	-0.348210	-1.267780	2.366731	-0.438457	0.977261	-0.721691	0.046525	1.096145
NP-191	-1.999562	0.063182	1.384205	-0.551196	0.526404	-0.223693	-0.500581	-0.604559	0.091863	0.010575	-0.438841	0.462921	-0.137230	0.260145	0.741575	0.138869	-0.178210	-1.133438	-0.389740	-2.190018	-1.330250	0.005633	0.289953	0.884048	-0.016676	-1.755978	0.404218	0.517342	-1.058976	0.259923	-1.510505	-1.320084	0.009084	0.446969	0.735877	0.455085	-0.348764	0.372408	0.464501	-0.823374	0.003267	0.816682	1.048080	-0.940812	0.188098	-0.480261	0.506723	0.887049	-0.528061	0.121806
NP-192	0.133096	0.384273	0.518920	0.255064	0.032446	0.846446	-2.949523	-2.193717	-1.022398	-0.508521	-0.362382	0.314107	-0.590240	-0.928947	-0.541279	-0.843237	0.211235	0.875665	0.463555	0.640530	0.630976	-0.194605	-1.862393	-1.316986	-0.720979	0.507175	0.416385	0.333331	1.014661	-0.491606	-0.134110	0.265030	-0.135497	-0.519328	-1.676064	0.011109	0.641110	-1.871769	-0.027247	0.581876	0.641819	0.594059	-0.360153	0.554713	0.748685	0.716810	-0.468999	0.256047	0.184421	-0.389946
NP-193	0.044585	0.636069	-1.090883	0.858319	-1.350726	-0.138417	-0.049437	-0.439676	1.188688	-0.262163	0.018205	-0.666958	-1.693825	0.290488	-0.526368	1.163227	0.852984	-0.880792	-1.532209	-0.233193	0.684536	-0.367438	1.621283	-0.263476	-0.478913	0.380150	-0.061442	1.020064	-0.275781	-0.979286	0.389430	0.136535	0.377862	-0.151434	1.814214	-1.269599	-1.126011	-0.941602	1.151993	-1.512507	-0.385956	-1.629562	0.657186	-0.348032	-1.410233	0.896461	-0.410507	-0.925612	0.308229	-0.005229
NP-194	-0.585234	0.522743	-1.252967	2.001581	1.714366	-0.092451	-2.021521	1.100758	-0.614637	1.078179	-0.189161	-0.907463	-0.589612	-2.147322	-1.018290	1.393041	1.966638	0.945308	-0.920652	0.187607	0.425306	-0.114110	-2.476106	-0.241028	-0.560685	0.543688	-1.426870	0.387382	-0.205863	2.391110	1.510707	-0.886508	-1.034167	-0.181330	0.079300	0.926779	-0.876593	0.191673	-0.151424	-0.018714	0.586362	-1.582026	0.104530	-0.444442	-0.100989	0.704944	-2.353718	-1.016754	-1.189315	1.478546
NP-195	1.446502	0.361264	-0.714660	0.600909	-1.016102	-1.640349	0.937100	-0.415954	-1.105442	-0.063293	1.205066	0.419125	-0.104681	-2.242993	0.298171	1.241134	0.188578	-0.640936	-0.187858	1.021909	-0.823561	-1.756998	-0.358457	1.314814	2.389530	-0.587871	0.471274	-0.918256	-0.352369	-1.090803	-0.939254	-0.086817	1.663805	-0.079181	-0.242574	-0.068284	-0.880748	1.777397	1.748764	1.121384	-0.394538	0.152535	-1.746826	0.322566	1.110475	0.360578	-0.397363	-0.993867	-0.376608	1.314407
NP-196	0.315982	-0.138000	1.531970	-1.225923	-2.194983	-0.476254	-0.193114	-0.175608	1.384017	-0.530512	0.121841	0.171084	0.011578	-0.979148	1.002466	1.101656	-1.757959	-0.634010	-0.876312	-0.655225	-1.456154	2.734656	0.347089	-0.109242	1.687959	-0.090920	-0.023817	1.748504	-0.829096	-1.136856	0.586753	-0.612356	0.526806	-1.181644	-1.927743	1.857256	1.183576	0.609142	0.197912	-0.300131	0.778498	-0.943858	-0.815427	-0.283247	0.062205	-0.553600	-0.953207	0.088936	-0.649643	-0.200566
NP-197	-0.962860	-0.044010	-0.940725	-0.945582	0.538594	0.685575	-1.771006	0.681915	1.336839	-0.070385	0.206710	-0.939308	1.991870	-1.377254	1.385840	-0.059298	0.602561	0.350588	0.232751	1.351693	-0.612583	0.872108	0.043031	-0.447469	0.716888	0.133261	-0.449908	-0.588724	1.103804	-0.536069	-1.138414	-0.362098	1.318948	0.536855	-1.346116	-0.812550	-1.053103	1.811491	-1.519685	0.789623	1.319341	0.012308	0.567321	-0.267729	0.183903	0.002297	-1.239151	1.389922	0.289726	1.437750
NP-198	0.234649	-0.709220	1.033961	-0.835474	-0.841978	0.495493	0.902287	1.667955	0.279899	-0.622517	0.528315	0.199246	-0.739748	0.588545	1.567197	-0.657414	1.033771	1.842593	2.454882	-0.616061	-1.439408	0.001892	0.530217	-0.349997	0.824051	-0.012766	-0.436981	0.603421	-0.456233	-1.556134	0.093142	0.694621	1.810923	-0.059911	-0.215927	1.816716	-0.306854	-1.015357	1.522508	-0.593480	-0.411980	2.163183	-1.111920	1.348690	-1.026778	0.063633	0.357175	1.146141	-0.855740	-0.161333
NP-199	0.936383	1.238299	-1.110791	0.580201	0.165978	-2.301857	-1.351230	-0.107082	0.557509	0.376909	-0.970784	0.795795	0.296208	1.184665	-0.044724	-1.586013	0.822175	-1.083148	0.021154	-1.429458	1.122285	0.872713	-0.364916	-0.750327	0.270508	-0.918182	1.261388	-1.614405	-1.570347	0.841688	0.014635	0.649621	0.259152	-0.333949	-0.678871	-1.496303	-0.768090	0.036786	0.978602	0.209610	-0.910148	0.647991	0.232083	0.786280	0.061457	0.552143	-1.055714	1.740874	0.869821	-0.893242
NP-20	-1.408845	-1.231348	-0.953554	-0.539966	-0.445699	-0.859323	-0.277809	0.662257	-1.301189	1.017883	1.685443	0.412119	0.460307	-1.440442	-0.291643	-0.456227	-0.332098	0.447626	-1.088473	-0.004509	-2.312243	1.700042	-1.736645	1.002188	-0.283994	0.618734	-0.763596	0.662074	-0.433849	-0.028024	-1.696797	-1.985961	1.390131	1.188478	-0.355021	0.333176	0.350632	-2.607357	-0.272970	-1.775296	1.035221	-1.535794	-1.123663	0.237851	1.458475	0.823918	2.064130	-1.378633	1.050270	-0.357296
